{
  "generated_at": "2026-04-24",
  "model": "jina-reranker-v2-base-multilingual",
  "scores": {
    "nl-freelance-q1": {
      "0": 0.04146227,
      "1": 0.06278921,
      "2": 0.08151976,
      "3": 0.06187599,
      "4": 0.03114383,
      "5": 0.12085322,
      "6": 0.08151976,
      "7": 0.09807932,
      "8": 0.02635535,
      "9": 0.1112412,
      "10": 0.08756384,
      "11": 0.11920292,
      "12": 0.09401018
    },
    "nl-freelance-q2": {
      "0": 0.02368947,
      "1": 0.02368947,
      "2": 0.13206615,
      "3": 0.02479816,
      "4": 0.07585818,
      "5": 0.20307463,
      "6": 0.02843603,
      "7": 0.03732689,
      "8": 0.03789243,
      "9": 0.02442309,
      "10": 0.02479816,
      "11": 0.03308598,
      "12": 0.02931223
    },
    "nl-freelance-q3": {
      "0": 0.07807817,
      "1": 0.0288709,
      "2": 0.06560484,
      "3": 0.36206648,
      "4": 0.04535258,
      "5": 0.16776334,
      "6": 0.07369627,
      "7": 0.05419872,
      "8": 0.07921032,
      "9": 0.23934932,
      "10": 0.40121853,
      "11": 0.10230471,
      "12": 0.37022537
    },
    "nl-freelance-q4": {
      "0": 0.02758528,
      "1": 0.02333077,
      "2": 0.02843603,
      "3": 0.04958903,
      "4": 0.02800752,
      "5": 0.02716923,
      "6": 0.03308598,
      "7": 0.02368947,
      "8": 0.02517884,
      "9": 0.03676947,
      "10": 0.03258974,
      "11": 0.02758528,
      "12": 0.03904829
    },
    "nl-freelance-q5": {
      "0": 0.03021458,
      "1": 0.02368947,
      "2": 0.03904829,
      "3": 0.02976009,
      "4": 0.02800752,
      "5": 0.40215731,
      "6": 0.03622006,
      "7": 0.0433658,
      "8": 0.02556521,
      "9": 0.04146227,
      "10": 0.03732689,
      "11": 0.03732689,
      "12": 0.02556521
    },
    "nl-freelance-q6": {
      "0": 0.0288709,
      "1": 0.02405355,
      "2": 0.05184546,
      "3": 0.03410042,
      "4": 0.02368947,
      "5": 0.063715,
      "6": 0.04146227,
      "7": 0.05033063,
      "8": 0.02442309,
      "9": 0.03258974,
      "10": 0.03210071,
      "11": 0.13028541,
      "12": 0.02479816
    },
    "nl-freelance-q7": {
      "0": 0.03622006,
      "1": 0.02675928,
      "2": 0.11920292,
      "3": 0.05834584,
      "4": 0.09138211,
      "5": 0.25091279,
      "6": 0.07585818,
      "7": 0.05834584,
      "8": 0.03622006,
      "9": 0.04401865,
      "10": 0.03514485,
      "11": 0.1066906,
      "12": 0.09009299
    },
    "nl-freelance-q8": {
      "0": 0.02716923,
      "1": 0.02333077,
      "2": 0.03410042,
      "3": 0.02976009,
      "4": 0.02479816,
      "5": 0.03676947,
      "6": 0.05340333,
      "7": 0.05419872,
      "8": 0.02635535,
      "9": 0.05033063,
      "10": 0.0427222,
      "11": 0.07585818,
      "12": 0.0288709
    },
    "fr-commercial-lease-q1": {
      "0": 0.14414886,
      "1": 0.3747907,
      "2": 0.04885778,
      "3": 0.11920292,
      "4": 0.20181322,
      "5": 0.09807932,
      "6": 0.06008665,
      "7": 0.18242553,
      "8": 0.05033063,
      "9": 0.12421302,
      "10": 0.08389039,
      "11": 0.13477591,
      "12": 0.12252322,
      "13": 0.05419872,
      "14": 0.06097518
    },
    "fr-commercial-lease-q2": {
      "0": 0.04535258,
      "1": 0.06465349,
      "2": 0.03514485,
      "3": 0.23792988,
      "4": 0.05921026,
      "5": 0.09670579,
      "6": 0.04742587,
      "7": 0.05921026,
      "8": 0.05749328,
      "9": 0.0427222,
      "10": 0.04885778,
      "11": 0.07696084,
      "12": 0.03567855,
      "13": 0.0460339,
      "14": 0.0460339
    },
    "fr-commercial-lease-q3": {
      "0": 0.39513415,
      "1": 0.06278921,
      "2": 0.0433658,
      "3": 0.07921032,
      "4": 0.08035747,
      "5": 0.05419872,
      "6": 0.06656919,
      "7": 0.05340333,
      "8": 0.03904829,
      "9": 0.0433658,
      "10": 0.07585818,
      "11": 0.05665243,
      "12": 0.06008665,
      "13": 0.05261895,
      "14": 0.06008665
    },
    "fr-commercial-lease-q4": {
      "0": 0.17781086,
      "1": 0.08151976,
      "2": 0.1510278,
      "3": 0.0460339,
      "4": 0.06954174,
      "5": 0.06097518,
      "6": 0.28537196,
      "7": 0.08389039,
      "8": 0.04885778,
      "9": 0.11279541,
      "10": 0.11279541,
      "11": 0.06465349,
      "12": 0.04742587,
      "13": 0.07585818,
      "14": 0.07477004
    },
    "fr-commercial-lease-q5": {
      "0": 0.12421302,
      "1": 0.09807932,
      "2": 0.05665243,
      "3": 0.09807932,
      "4": 0.16559312,
      "5": 0.30486888,
      "6": 0.09009299,
      "7": 0.19314736,
      "8": 0.1112412,
      "9": 0.12002562,
      "10": 0.58936191,
      "11": 0.11279541,
      "12": 0.03789243,
      "13": 0.09807932,
      "14": 0.07369627
    },
    "fr-commercial-lease-q6": {
      "0": 0.05500529,
      "1": 0.02931223,
      "2": 0.03622006,
      "3": 0.02716923,
      "4": 0.04742587,
      "5": 0.14128141,
      "6": 0.04146227,
      "7": 0.0288709,
      "8": 0.03567855,
      "9": 0.0306758,
      "10": 0.12765263,
      "11": 0.05921026,
      "12": 0.02517884,
      "13": 0.0433658,
      "14": 0.03410042
    },
    "fr-commercial-lease-q7": {
      "0": 0.07696084,
      "1": 0.0705596,
      "2": 0.04742587,
      "3": 0.05261895,
      "4": 0.11436854,
      "5": 0.15713684,
      "6": 0.0685375,
      "7": 0.37113661,
      "8": 0.19806418,
      "9": 0.2814056,
      "10": 0.22953522,
      "11": 0.11757214,
      "12": 0.04742587,
      "13": 0.07921032,
      "14": 0.06187599
    },
    "fr-commercial-lease-q8": {
      "0": 0.07807817,
      "1": 0.05184546,
      "2": 0.03732689,
      "3": 0.03210071,
      "4": 0.07807817,
      "5": 0.05921026,
      "6": 0.14033625,
      "7": 0.19930799,
      "8": 0.09401018,
      "9": 0.3106944,
      "10": 0.19072403,
      "11": 0.08269734,
      "12": 0.04958903,
      "13": 0.063715,
      "14": 0.04885778
    },
    "de-employment-q1": {
      "0": 0.03676947,
      "1": 0.03732689,
      "2": 0.04401865,
      "3": 0.43638182,
      "4": 0.05749328,
      "5": 0.13753246,
      "6": 0.04742587,
      "7": 0.03622006,
      "8": 0.04023794,
      "9": 0.03732689,
      "10": 0.06097518,
      "11": 0.05261895,
      "12": 0.07921032,
      "13": 0.03308598,
      "14": 0.03514485,
      "15": 0.02976009
    },
    "de-employment-q2": {
      "0": 0.06278921,
      "1": 0.41395089,
      "2": 0.09268778,
      "3": 0.08269734,
      "4": 0.10818896,
      "5": 0.02595736,
      "6": 0.11279541,
      "7": 0.03622006,
      "8": 0.14511536,
      "9": 0.03789243,
      "10": 0.16776334,
      "11": 0.04468087,
      "12": 0.1666754,
      "13": 0.25238404,
      "14": 0.0306758,
      "15": 0.03210071
    },
    "de-employment-q3": {
      "0": 0.02716923,
      "1": 0.07696084,
      "2": 0.09138211,
      "3": 0.0726367,
      "4": 0.50686598,
      "5": 0.05921026,
      "6": 0.0685375,
      "7": 0.04146227,
      "8": 0.05033063,
      "9": 0.03308598,
      "10": 0.06465349,
      "11": 0.03789243,
      "12": 0.05921026,
      "13": 0.04401865,
      "14": 0.02442309,
      "15": 0.02368947
    },
    "de-employment-q4": {
      "0": 0.05033063,
      "1": 0.08269734,
      "2": 0.08035747,
      "3": 0.0705596,
      "4": 0.10087863,
      "5": 0.3015677,
      "6": 0.12765263,
      "7": 0.18832397,
      "8": 0.05582314,
      "9": 0.09947021,
      "10": 0.12678517,
      "11": 0.12506537,
      "12": 0.10230471,
      "13": 0.07696084,
      "14": 0.04742587,
      "15": 0.03732689
    },
    "de-employment-q5": {
      "0": 0.07585818,
      "1": 0.12421302,
      "2": 0.04672496,
      "3": 0.05834584,
      "4": 0.08151976,
      "5": 0.06097518,
      "6": 0.063715,
      "7": 0.16776334,
      "8": 0.05261895,
      "9": 0.05665243,
      "10": 0.13296424,
      "11": 0.09268778,
      "12": 0.06187599,
      "13": 0.10374863,
      "14": 0.06008665,
      "15": 0.04468087
    },
    "de-employment-q6": {
      "0": 0.02758528,
      "1": 0.03021458,
      "2": 0.02442309,
      "3": 0.03021458,
      "4": 0.03114383,